<?xml version="1.0" encoding="UTF-8"?>
<metadata xml:lang="en"><Esri><CreaDate>20230511</CreaDate><CreaTime>00364800</CreaTime><ArcGISFormat>1.0</ArcGISFormat><SyncOnce>TRUE</SyncOnce><DataProperties><lineage><Process ToolSource="c:\program files (x86)\arcgis\desktop10.8\ArcToolbox\Toolboxes\Data Management Tools.tbx\CalculateField" Date="20230511" Time="003648">CalculateField batas_kelurahan_2021_sby_357820220801090416 kpdtn_pend "[jmlh_pendu] / [luas]" VB #</Process><Process ToolSource="c:\program files (x86)\arcgis\desktop10.8\ArcToolbox\Toolboxes\Data Management Tools.tbx\CalculateField" Date="20230522" Time="155601">CalculateField batas_kelurahan_2021_sby_357820220801090416 kode_1 "!kode_1! .replace(".", "")" PYTHON_9.3 #</Process><Process ToolSource="c:\program files (x86)\arcgis\desktop10.8\ArcToolbox\Toolboxes\Data Management Tools.tbx\CalculateField" Date="20230522" Time="155617">CalculateField batas_kelurahan_2021_sby_357820220801090416 kode_12 "!kode_12! .replace(".", "")" PYTHON_9.3 #</Process></lineage></DataProperties></Esri></metadata>
