<?xml version="1.0" encoding="UTF-8"?>
<metadata xml:lang="en"><Esri><CreaDate>20210120</CreaDate><CreaTime>08182000</CreaTime><ArcGISFormat>1.0</ArcGISFormat><SyncOnce>TRUE</SyncOnce><DataProperties><lineage><Process ToolSource="c:\program files (x86)\arcgis\desktop10.5\ArcToolbox\Toolboxes\Data Management Tools.tbx\CalculateField" Date="20180512" Time="225720">CalculateField Garis_Pantai_BIG2018 REMARK "Garis Tepi Pantai/Pulau" VB #</Process><Process ToolSource="c:\program files (x86)\arcgis\desktop10.5\ArcToolbox\Toolboxes\Data Management Tools.tbx\CalculateField" Date="20180512" Time="225901">CalculateField Garis_Pantai_BIG2018 KETERANGAN "Kalimantan Utara" VB #</Process><Process ToolSource="c:\program files (x86)\arcgis\desktop10.5\ArcToolbox\Toolboxes\Data Management Tools.tbx\CalculateField" Date="20180512" Time="230234">CalculateField Garis_Pantai_BIG2018 KETERANGAN "Kalimantan Selatan" VB #</Process><Process ToolSource="c:\program files (x86)\arcgis\desktop10.5\ArcToolbox\Toolboxes\Data Management Tools.tbx\CalculateField" Date="20180512" Time="230617">CalculateField Garis_Pantai_BIG2018 KETERANGAN "Sulawesi" VB #</Process><Process ToolSource="c:\program files (x86)\arcgis\desktop10.5\ArcToolbox\Toolboxes\Data Management Tools.tbx\CalculateField" Date="20180513" Time="025601">CalculateField Garis_Pantai_BIG2018 REMARK "Garis Tepi Pantai/Pulau" VB #</Process></lineage><itemProps><itemLocation><linkage Sync="TRUE">file://\\LAPTOP-MILFCPPC\C$\Users\user\Desktop\Rencana_\Garis_Pantai_BIG_2018Copy</linkage><protocol Sync="TRUE">Local Area Network</protocol></itemLocation></itemProps><copyHistory><copy source="C:\Users\user\Desktop\Rencana_\Garis_Pantai_BIG_2018" dest="\\LAPTOP-MILFCPPC\C$\Users\user\Desktop\Rencana_\Garis_Pantai_BIG_2018Copy" date="20210120" time="08182000"></copy></copyHistory></DataProperties></Esri></metadata>
